content_id,name,category,operating_info_status,opening_hours,closed_days,last_admission,admission_info_status,parking_info,parking_info_status,source_urls,source_checked_at,reviewed_at,review_note
125769,강릉 굴산사지,ATTRACTION,VERIFIED,상시 개방,연중무휴,,NOT_APPLICABLE,불가능,VERIFIED,"[""https://www.data.go.kr/data/15101578/openapi.do"",""https://www.heritage.go.kr/heri/cul/culSelectDetail.do?pageNo=1_1_1_1&sngl=Y&ccbaCpno=1333204480000""]",2026-08-28T03:38:16.351Z,2026-08-28T03:38:16.351Z,한국관광공사 TourAPI detailIntro2/detailCommon2 contentId=125769 확인.
128359,강릉 복사꽃마을,ATTRACTION,VERIFIED,상시 개방,연중무휴,,NOT_APPLICABLE,가능,VERIFIED,"[""https://www.data.go.kr/data/15101578/openapi.do""]",2026-08-28T03:38:16.351Z,2026-08-28T03:38:16.351Z,한국관광공사 TourAPI detailIntro2/detailCommon2 contentId=128359 확인.
2702581,강릉 오금집,ATTRACTION,VERIFIED,상시 개방,연중무휴,,NOT_APPLICABLE,가능,VERIFIED,"[""https://www.data.go.kr/data/15101578/openapi.do"",""https://www.gn.go.kr/www/selectBbsNttView.do?key=1722&bbsNo=85&nttNo=1076""]",2026-08-28T03:38:16.351Z,2026-08-28T03:38:16.351Z,한국관광공사 TourAPI detailIntro2/detailCommon2 contentId=2702581 확인.
125787,강릉향교,ATTRACTION,VERIFIED,상시 개방,연중무휴,,NOT_APPLICABLE,가능,VERIFIED,"[""https://www.data.go.kr/data/15101578/openapi.do"",""https://www.heritage.go.kr/heri/cul/culSelectDetail.do?pageNo=1_1_1_1&sngl=Y&ccbaCpno=2113200990000""]",2026-08-28T03:38:16.351Z,2026-08-28T03:38:16.351Z,한국관광공사 TourAPI detailIntro2/detailCommon2 contentId=125787 확인.
3454461,경포호수광장,ATTRACTION,UNKNOWN,,연중무휴 24시개방,,UNKNOWN,,UNKNOWN,"[""https://www.data.go.kr/data/15101578/openapi.do""]",2026-08-28T03:38:16.351Z,2026-08-28T03:38:16.351Z,한국관광공사 TourAPI detailIntro2/detailCommon2 contentId=3454461 확인. 운영시간·주차·입장마감은 공식 응답에 명시되지 않아 추정하지 않음.
125669,구룡폭포(소금강),ATTRACTION,VERIFIED,상시 개방,연중무휴,,NOT_APPLICABLE,가능,VERIFIED,"[""https://www.data.go.kr/data/15101578/openapi.do"",""https://visitgangneung.net/pub/Region_03.do?mode=v&seq=16""]",2026-08-28T03:38:16.351Z,2026-08-28T03:38:16.351Z,한국관광공사 TourAPI detailIntro2/detailCommon2 contentId=125669 확인.
125770,금강사(강릉),ATTRACTION,UNKNOWN,,연중무휴,,UNKNOWN,있음(소형 200대),VERIFIED,"[""https://www.data.go.kr/data/15101578/openapi.do"",""https://www.gn.go.kr/tour/prog/lod/Sights/S0203/sub02_03_04/view.do?cid=160493&orderBy=B&pageIndex=1""]",2026-08-28T03:38:16.351Z,2026-08-28T03:38:16.351Z,한국관광공사 TourAPI detailIntro2/detailCommon2 contentId=125770 확인. 운영시간·입장마감은 공식 응답에 명시되지 않아 추정하지 않음.
125748,남대천(강릉),ATTRACTION,VERIFIED,상시 개방,연중무휴,,NOT_APPLICABLE,가능,VERIFIED,"[""https://www.data.go.kr/data/15101578/openapi.do""]",2026-08-28T03:38:16.351Z,2026-08-28T03:38:16.351Z,한국관광공사 TourAPI detailIntro2/detailCommon2 contentId=125748 확인.
2753136,노암터널,ATTRACTION,VERIFIED,상시 개방,연중무휴,,NOT_APPLICABLE,가능,VERIFIED,"[""https://www.data.go.kr/data/15101578/openapi.do""]",2026-08-28T03:38:16.351Z,2026-08-28T03:38:16.351Z,한국관광공사 TourAPI detailIntro2/detailCommon2 contentId=2753136 확인.
585615,도직해변,ATTRACTION,UNKNOWN,,,,UNKNOWN,가능,VERIFIED,"[""https://www.data.go.kr/data/15101578/openapi.do"",""https://visitgangneung.net/pub/Region_05.do?mode=v&seq=61""]",2026-08-28T03:38:16.351Z,2026-08-28T03:38:16.351Z,한국관광공사 TourAPI detailIntro2/detailCommon2 contentId=585615 확인. 운영시간·입장마감은 공식 응답에 명시되지 않아 추정하지 않음.
2641014,뒷뜨루관광농원,ATTRACTION,VERIFIED,[하절기(3~10월)] 10:00~18:00 (입장 마감 17:00) [동절기(11~2월)] 10:00~17:00 (입장 마감 16:00),"매주 목요일(단, 법정공휴일 제외)",17:00,VERIFIED,가능,VERIFIED,"[""https://www.data.go.kr/data/15101578/openapi.do"",""https://blog.naver.com/dtr9466""]",2026-08-28T03:38:16.351Z,2026-08-28T03:38:16.351Z,한국관광공사 TourAPI detailIntro2/detailCommon2 contentId=2641014 확인.
125768,보현사(강릉),ATTRACTION,VERIFIED,상시 개방,연중무휴,,NOT_APPLICABLE,가능,VERIFIED,"[""https://www.data.go.kr/data/15101578/openapi.do""]",2026-08-28T03:38:16.351Z,2026-08-28T03:38:16.351Z,한국관광공사 TourAPI detailIntro2/detailCommon2 contentId=125768 확인.
126895,부연동마을,ATTRACTION,VERIFIED,상시 개방,연중무휴,,NOT_APPLICABLE,가능 (약 소형 20대) 요금 (무료),VERIFIED,"[""https://www.data.go.kr/data/15101578/openapi.do""]",2026-08-28T03:38:16.351Z,2026-08-28T03:38:16.351Z,한국관광공사 TourAPI detailIntro2/detailCommon2 contentId=126895 확인.
2773046,사천진항,ATTRACTION,VERIFIED,상시 개방,,,NOT_APPLICABLE,,UNKNOWN,"[""https://www.data.go.kr/data/15101578/openapi.do"",""https://www.gn.go.kr/tour/prog/lod/Sights/S01/sub02_02_01/view.do?cid=920""]",2026-08-28T03:38:16.351Z,2026-08-28T03:38:16.351Z,한국관광공사 TourAPI detailIntro2/detailCommon2 contentId=2773046 확인. 주차은 공식 응답에 명시되지 않아 추정하지 않음.
2775500,소돌해수욕장,ATTRACTION,VERIFIED,상시 개방,연중무휴,,NOT_APPLICABLE,가능,VERIFIED,"[""https://www.data.go.kr/data/15101578/openapi.do""]",2026-08-28T03:38:16.351Z,2026-08-28T03:38:16.351Z,한국관광공사 TourAPI detailIntro2/detailCommon2 contentId=2775500 확인.
125791,송담서원(강릉),ATTRACTION,VERIFIED,상시 개방,연중무휴,,NOT_APPLICABLE,가능,VERIFIED,"[""https://www.data.go.kr/data/15101578/openapi.do"",""https://www.gn.go.kr/www/selectBbsNttView.do?key=1722&bbsNo=85&nttNo=1087""]",2026-08-28T03:38:16.351Z,2026-08-28T03:38:16.351Z,한국관광공사 TourAPI detailIntro2/detailCommon2 contentId=125791 확인.
2713848,수상한마법학교,ATTRACTION,VERIFIED,- 평일 13:00~17:00 (휴게시간 13:30~14:30) - 토요일 13:00~19:00 (휴게시간 15:30~16:30) - 일요일 10:00~16:00 (휴게시간 12:30~13:30),매주 화요일,,UNKNOWN,가능,VERIFIED,"[""https://www.data.go.kr/data/15101578/openapi.do"",""https://blog.naver.com/dngusxmr""]",2026-08-28T03:38:16.351Z,2026-08-28T03:38:16.351Z,한국관광공사 TourAPI detailIntro2/detailCommon2 contentId=2713848 확인. 입장마감은 공식 응답에 명시되지 않아 추정하지 않음.
2775508,순포습지,ATTRACTION,VERIFIED,상시 개방,연중무휴,,NOT_APPLICABLE,가능,VERIFIED,"[""https://www.data.go.kr/data/15101578/openapi.do"",""https://www.gn.go.kr/www/contents.do?key=1221""]",2026-08-28T03:38:16.351Z,2026-08-28T03:38:16.351Z,한국관광공사 TourAPI detailIntro2/detailCommon2 contentId=2775508 확인.
2775497,순포해변,ATTRACTION,VERIFIED,상시 개방,,,NOT_APPLICABLE,불가능,VERIFIED,"[""https://www.data.go.kr/data/15101578/openapi.do""]",2026-08-28T03:38:16.351Z,2026-08-28T03:38:16.351Z,한국관광공사 TourAPI detailIntro2/detailCommon2 contentId=2775497 확인.
127922,오대산 소금강계곡,ATTRACTION,VERIFIED,시기별 상이,연중무휴,,UNKNOWN,가능,VERIFIED,"[""https://www.data.go.kr/data/15101578/openapi.do""]",2026-08-28T03:38:16.351Z,2026-08-28T03:38:16.351Z,한국관광공사 TourAPI detailIntro2/detailCommon2 contentId=127922 확인. 입장마감은 공식 응답에 명시되지 않아 추정하지 않음.
128724,오봉서원,ATTRACTION,VERIFIED,09:00~18:00,연중무휴,,UNKNOWN,가능 (소형 4대),VERIFIED,"[""https://www.data.go.kr/data/15101578/openapi.do"",""https://www.heritage.go.kr/heri/cul/culSelectDetail.do?pageNo=1_1_1_1&sngl=Y&ccbaCpno=2113200450000""]",2026-08-28T03:38:16.351Z,2026-08-28T03:38:16.351Z,한국관광공사 TourAPI detailIntro2/detailCommon2 contentId=128724 확인. 입장마감은 공식 응답에 명시되지 않아 추정하지 않음.
2511677,정감이마을,ATTRACTION,VERIFIED,09:00~18:00,설·추석 명절,,UNKNOWN,가능 (약 소형 50대 / 대형 2대),VERIFIED,"[""https://www.data.go.kr/data/15101578/openapi.do"",""https://blog.naver.com/mmh2846""]",2026-08-28T03:38:16.351Z,2026-08-28T03:38:16.351Z,한국관광공사 TourAPI detailIntro2/detailCommon2 contentId=2511677 확인. 입장마감은 공식 응답에 명시되지 않아 추정하지 않음.
129029,주문리마을,ATTRACTION,VERIFIED,점포 별로 상이함,연중무휴,,UNKNOWN,가능,VERIFIED,"[""https://www.data.go.kr/data/15101578/openapi.do""]",2026-08-28T03:38:16.351Z,2026-08-28T03:38:16.351Z,한국관광공사 TourAPI detailIntro2/detailCommon2 contentId=129029 확인. 입장마감은 공식 응답에 명시되지 않아 추정하지 않음.
3542927,강릉교회,ATTRACTION,VERIFIED,04:00~08:00,없음,,UNKNOWN,,UNKNOWN,"[""https://www.data.go.kr/data/15101578/openapi.do""]",2026-08-28T03:38:16.351Z,2026-08-28T03:38:16.351Z,한국관광공사 TourAPI detailIntro2/detailCommon2 contentId=3542927 확인. 주차·입장마감은 공식 응답에 명시되지 않아 추정하지 않음.
3547638,강릉통일공원안보전시관,ATTRACTION,VERIFIED,09:00~18:00,연중무휴,,UNKNOWN,가능,VERIFIED,"[""https://www.data.go.kr/data/15101578/openapi.do"",""https://visitgangneung.net/pub/gallery.do?mode=v&seq=84""]",2026-08-28T03:38:16.351Z,2026-08-28T03:38:16.351Z,한국관광공사 TourAPI detailIntro2/detailCommon2 contentId=3547638 확인. 입장마감은 공식 응답에 명시되지 않아 추정하지 않음.
3532463,굴산사지당간지주,ATTRACTION,UNKNOWN,,연중무휴,,UNKNOWN,,UNKNOWN,"[""https://www.data.go.kr/data/15101578/openapi.do""]",2026-08-28T03:38:16.351Z,2026-08-28T03:38:16.351Z,한국관광공사 TourAPI detailIntro2/detailCommon2 contentId=3532463 확인. 운영시간·주차·입장마감은 공식 응답에 명시되지 않아 추정하지 않음.
2925502,리고엠,ATTRACTION,VERIFIED,체험에 따라 상이함(전화 문의),,,UNKNOWN,,UNKNOWN,"[""https://www.data.go.kr/data/15101578/openapi.do""]",2026-08-28T03:38:16.351Z,2026-08-28T03:38:16.351Z,한국관광공사 TourAPI detailIntro2/detailCommon2 contentId=2925502 확인. 주차·입장마감은 공식 응답에 명시되지 않아 추정하지 않음.
2772889,부연약수,ATTRACTION,VERIFIED,상시 개방,연중무휴,,NOT_APPLICABLE,가능,VERIFIED,"[""https://www.data.go.kr/data/15101578/openapi.do"",""https://visitgangneung.net/""]",2026-08-28T03:38:16.351Z,2026-08-28T03:38:16.351Z,한국관광공사 TourAPI detailIntro2/detailCommon2 contentId=2772889 확인.
3532403,산계리3층석탑,ATTRACTION,UNKNOWN,,,,UNKNOWN,가능,VERIFIED,"[""https://www.data.go.kr/data/15101578/openapi.do""]",2026-08-28T03:38:16.351Z,2026-08-28T03:38:16.351Z,한국관광공사 TourAPI detailIntro2/detailCommon2 contentId=3532403 확인. 운영시간·입장마감은 공식 응답에 명시되지 않아 추정하지 않음.
3532273,소금강,ATTRACTION,UNKNOWN,,연중무휴,,UNKNOWN,가능,VERIFIED,"[""https://www.data.go.kr/data/15101578/openapi.do""]",2026-08-28T03:38:16.351Z,2026-08-28T03:38:16.351Z,한국관광공사 TourAPI detailIntro2/detailCommon2 contentId=3532273 확인. 운영시간·입장마감은 공식 응답에 명시되지 않아 추정하지 않음.
1722228,강릉단오제전수교육관,CULTURE,VERIFIED,09:00~18:00,1월 1일 / 설날 / 추석 / 일요일,,UNKNOWN,가능 (소형 30대),VERIFIED,"[""https://www.data.go.kr/data/15101578/openapi.do"",""https://www.gn.go.kr/dano/index.do""]",2026-08-28T03:38:16.351Z,2026-08-28T03:38:16.351Z,한국관광공사 TourAPI detailIntro2/detailCommon2 contentId=1722228 확인. 입장마감은 공식 응답에 명시되지 않아 추정하지 않음.
2706817,강릉시립미술관 교동,CULTURE,VERIFIED,10:00~18:00,"매주 월요일 (단, 월요일이 공휴일인 경우 정상 개관 후, 익일 휴관) / 1월 1일 / 설·추석 당일",,UNKNOWN,가능,VERIFIED,"[""https://www.data.go.kr/data/15101578/openapi.do""]",2026-08-28T03:38:16.351Z,2026-08-28T03:38:16.351Z,한국관광공사 TourAPI detailIntro2/detailCommon2 contentId=2706817 확인. 입장마감은 공식 응답에 명시되지 않아 추정하지 않음.
2782914,고래책방,CULTURE,VERIFIED,08:30~19:30,설·추석 당일,,UNKNOWN,가능,VERIFIED,"[""https://www.data.go.kr/data/15101578/openapi.do""]",2026-08-28T03:38:16.351Z,2026-08-28T03:38:16.351Z,한국관광공사 TourAPI detailIntro2/detailCommon2 contentId=2782914 확인. 입장마감은 공식 응답에 명시되지 않아 추정하지 않음.
3544745,㈜타임트레인,CULTURE,VERIFIED,09:00~18:00,,,UNKNOWN,,UNKNOWN,"[""https://www.data.go.kr/data/15101578/openapi.do""]",2026-08-28T03:38:16.351Z,2026-08-28T03:38:16.351Z,한국관광공사 TourAPI detailIntro2/detailCommon2 contentId=3544745 확인. 주차·입장마감은 공식 응답에 명시되지 않아 추정하지 않음.
3539725,갈골한과체험전시관,CULTURE,VERIFIED,예약시 운영,예약시 운영,,UNKNOWN,가능,VERIFIED,"[""https://www.data.go.kr/data/15101578/openapi.do""]",2026-08-28T03:38:16.351Z,2026-08-28T03:38:16.351Z,한국관광공사 TourAPI detailIntro2/detailCommon2 contentId=3539725 확인. 입장마감은 공식 응답에 명시되지 않아 추정하지 않음.
3531540,강릉올림픽뮤지엄,CULTURE,VERIFIED,10:00 ~ 17:00 (입장마감 16:30),"매주 월요일, 법정공휴일 및 대체휴무일",16:30,VERIFIED,가능,VERIFIED,"[""https://www.data.go.kr/data/15101578/openapi.do""]",2026-08-28T03:38:16.351Z,2026-08-28T03:38:16.351Z,한국관광공사 TourAPI detailIntro2/detailCommon2 contentId=3531540 확인.
3532282,단오타운전시관,CULTURE,VERIFIED,09:00 ~ 18:00,,,UNKNOWN,가능,VERIFIED,"[""https://www.data.go.kr/data/15101578/openapi.do""]",2026-08-28T03:38:16.351Z,2026-08-28T03:38:16.351Z,한국관광공사 TourAPI detailIntro2/detailCommon2 contentId=3532282 확인. 입장마감은 공식 응답에 명시되지 않아 추정하지 않음.
3532413,소금강 돌박물관,CULTURE,VERIFIED,09:00 ~ 18:00,매주 월요일,,UNKNOWN,가능,VERIFIED,"[""https://www.data.go.kr/data/15101578/openapi.do""]",2026-08-28T03:38:16.351Z,2026-08-28T03:38:16.351Z,한국관광공사 TourAPI detailIntro2/detailCommon2 contentId=3532413 확인. 입장마감은 공식 응답에 명시되지 않아 추정하지 않음.
2930716,강릉누들축제,FESTIVAL,VERIFIED,12:00~21:00,,,UNKNOWN,,UNKNOWN,"[""https://www.data.go.kr/data/15101578/openapi.do""]",2026-08-28T03:38:16.351Z,2026-08-28T03:38:16.351Z,한국관광공사 TourAPI detailIntro2/detailCommon2 contentId=2930716 확인. 행사기간 20251030~20251102. 주차·입장마감은 공식 응답에 명시되지 않아 추정하지 않음.
674023,병오년 해맞이 행사,FESTIVAL,VERIFIED,20:00~00:30( 2026. 1. 1. 06:00~08:00),,,UNKNOWN,,UNKNOWN,"[""https://www.data.go.kr/data/15101578/openapi.do"",""https://www.gn.go.kr/www/selectBbsNttView.do?key=258&bbsNo=12&nttNo=201011&searchCtgry=&searchCnd=all&searchKrwd=&pageIndex=1&integrDeptCode=""]",2026-08-28T03:38:16.351Z,2026-08-28T03:38:16.351Z,한국관광공사 TourAPI detailIntro2/detailCommon2 contentId=674023 확인. 행사기간 20251231~20260101. 주차·입장마감은 공식 응답에 명시되지 않아 추정하지 않음.
3021124,보현사 산사천년문화제,FESTIVAL,VERIFIED,09.20 13:00~18:00 09.21 10:00~15:00,,,UNKNOWN,,UNKNOWN,"[""https://www.data.go.kr/data/15101578/openapi.do""]",2026-08-28T03:38:16.351Z,2026-08-28T03:38:16.351Z,한국관광공사 TourAPI detailIntro2/detailCommon2 contentId=3021124 확인. 행사기간 20251025~20251026. 주차·입장마감은 공식 응답에 명시되지 않아 추정하지 않음.
2752057,강릉 와우파크 카라반펜션,LEISURE,UNKNOWN,,,,UNKNOWN,,UNKNOWN,"[""https://www.data.go.kr/data/15101578/openapi.do""]",2026-08-28T03:38:16.351Z,2026-08-28T03:38:16.351Z,한국관광공사 TourAPI detailIntro2/detailCommon2 contentId=2752057 확인. 운영시간·주차·입장마감은 공식 응답에 명시되지 않아 추정하지 않음.
2726717,강릉경포카라반파크,LEISURE,UNKNOWN,,,,UNKNOWN,,UNKNOWN,"[""https://www.data.go.kr/data/15101578/openapi.do""]",2026-08-28T03:38:16.351Z,2026-08-28T03:38:16.351Z,한국관광공사 TourAPI detailIntro2/detailCommon2 contentId=2726717 확인. 운영시간·주차·입장마감은 공식 응답에 명시되지 않아 추정하지 않음.
2753005,강릉여행 굿캠핑,LEISURE,UNKNOWN,,,,UNKNOWN,,UNKNOWN,"[""https://www.data.go.kr/data/15101578/openapi.do""]",2026-08-28T03:38:16.351Z,2026-08-28T03:38:16.351Z,한국관광공사 TourAPI detailIntro2/detailCommon2 contentId=2753005 확인. 운영시간·주차·입장마감은 공식 응답에 명시되지 않아 추정하지 않음.
131272,금진방파제,LEISURE,VERIFIED,상시 개방,연중 무휴,,NOT_APPLICABLE,가능,VERIFIED,"[""https://www.data.go.kr/data/15101578/openapi.do""]",2026-08-28T03:38:16.351Z,2026-08-28T03:38:16.351Z,한국관광공사 TourAPI detailIntro2/detailCommon2 contentId=131272 확인.
1869883,노추산 모정탑길,LEISURE,UNKNOWN,,,,UNKNOWN,,UNKNOWN,"[""https://www.data.go.kr/data/15101578/openapi.do"",""https://www.gn.go.kr/tour/sub01_01_01_03.do#anchor7""]",2026-08-28T03:38:16.351Z,2026-08-28T03:38:16.351Z,한국관광공사 TourAPI detailIntro2/detailCommon2 contentId=1869883 확인. 운영시간·주차·입장마감은 공식 응답에 명시되지 않아 추정하지 않음.
2784104,대관령 소나무숲길,LEISURE,UNKNOWN,,,,UNKNOWN,,UNKNOWN,"[""https://www.data.go.kr/data/15101578/openapi.do""]",2026-08-28T03:38:16.351Z,2026-08-28T03:38:16.351Z,한국관광공사 TourAPI detailIntro2/detailCommon2 contentId=2784104 확인. 운영시간·주차·입장마감은 공식 응답에 명시되지 않아 추정하지 않음.
2729143,대관령솔내음오토캠프장,LEISURE,UNKNOWN,,,,UNKNOWN,,UNKNOWN,"[""https://www.data.go.kr/data/15101578/openapi.do""]",2026-08-28T03:38:16.351Z,2026-08-28T03:38:16.351Z,한국관광공사 TourAPI detailIntro2/detailCommon2 contentId=2729143 확인. 운영시간·주차·입장마감은 공식 응답에 명시되지 않아 추정하지 않음.
2792307,바람부리별밤캠핑장 관광농원,LEISURE,UNKNOWN,,,,UNKNOWN,,UNKNOWN,"[""https://www.data.go.kr/data/15101578/openapi.do""]",2026-08-28T03:38:16.351Z,2026-08-28T03:38:16.351Z,한국관광공사 TourAPI detailIntro2/detailCommon2 contentId=2792307 확인. 운영시간·주차·입장마감은 공식 응답에 명시되지 않아 추정하지 않음.
2752790,보광농촌체험휴양마을,LEISURE,UNKNOWN,,,,UNKNOWN,,UNKNOWN,"[""https://www.data.go.kr/data/15101578/openapi.do""]",2026-08-28T03:38:16.351Z,2026-08-28T03:38:16.351Z,한국관광공사 TourAPI detailIntro2/detailCommon2 contentId=2752790 확인. 운영시간·주차·입장마감은 공식 응답에 명시되지 않아 추정하지 않음.
131862,사기막저수지,LEISURE,UNKNOWN,,연중 무휴,,UNKNOWN,불가능,VERIFIED,"[""https://www.data.go.kr/data/15101578/openapi.do""]",2026-08-28T03:38:16.351Z,2026-08-28T03:38:16.351Z,한국관광공사 TourAPI detailIntro2/detailCommon2 contentId=131862 확인. 운영시간·입장마감은 공식 응답에 명시되지 않아 추정하지 않음.
2734026,소금강오토캠프장,LEISURE,UNKNOWN,,,,UNKNOWN,,UNKNOWN,"[""https://www.data.go.kr/data/15101578/openapi.do"",""https://reservation.knps.or.kr/contents/C/serviceGuide.do?parkId=B06""]",2026-08-28T03:38:16.351Z,2026-08-28T03:38:16.351Z,한국관광공사 TourAPI detailIntro2/detailCommon2 contentId=2734026 확인. 운영시간·주차·입장마감은 공식 응답에 명시되지 않아 추정하지 않음.
2729266,솔향강릉오토캠핑장,LEISURE,UNKNOWN,,,,UNKNOWN,,UNKNOWN,"[""https://www.data.go.kr/data/15101578/openapi.do""]",2026-08-28T03:38:16.351Z,2026-08-28T03:38:16.351Z,한국관광공사 TourAPI detailIntro2/detailCommon2 contentId=2729266 확인. 운영시간·주차·입장마감은 공식 응답에 명시되지 않아 추정하지 않음.
2744417,연곡해변솔향기캠핑장,LEISURE,UNKNOWN,,,,UNKNOWN,,UNKNOWN,"[""https://www.data.go.kr/data/15101578/openapi.do"",""https://camping.gtdc.or.kr/""]",2026-08-28T03:38:16.351Z,2026-08-28T03:38:16.351Z,한국관광공사 TourAPI detailIntro2/detailCommon2 contentId=2744417 확인. 운영시간·주차·입장마감은 공식 응답에 명시되지 않아 추정하지 않음.
2396259,정동진 레일바이크,LEISURE,UNKNOWN,,,,UNKNOWN,,UNKNOWN,"[""https://www.data.go.kr/data/15101578/openapi.do""]",2026-08-28T03:38:16.351Z,2026-08-28T03:38:16.351Z,한국관광공사 TourAPI detailIntro2/detailCommon2 contentId=2396259 확인. 운영시간·주차·입장마감은 공식 응답에 명시되지 않아 추정하지 않음.
2747568,주문진 글램핑 오토캠핑장,LEISURE,UNKNOWN,,,,UNKNOWN,,UNKNOWN,"[""https://www.data.go.kr/data/15101578/openapi.do""]",2026-08-28T03:38:16.351Z,2026-08-28T03:38:16.351Z,한국관광공사 TourAPI detailIntro2/detailCommon2 contentId=2747568 확인. 운영시간·주차·입장마감은 공식 응답에 명시되지 않아 추정하지 않음.
131271,주문진 방파제,LEISURE,UNKNOWN,,,,UNKNOWN,,UNKNOWN,"[""https://www.data.go.kr/data/15101578/openapi.do"",""https://www.gn.go.kr/tour/sub02_01_03.do""]",2026-08-28T03:38:16.351Z,2026-08-28T03:38:16.351Z,한국관광공사 TourAPI detailIntro2/detailCommon2 contentId=131271 확인. 운영시간·주차·입장마감은 공식 응답에 명시되지 않아 추정하지 않음.
3534453,342camp,LEISURE,UNKNOWN,,,,UNKNOWN,,UNKNOWN,"[""https://www.data.go.kr/data/15101578/openapi.do"",""https://www.instagram.com/342camp?igsh=NzQ3czhvd3FrdnJq""]",2026-08-28T03:38:16.351Z,2026-08-28T03:38:16.351Z,한국관광공사 TourAPI detailIntro2/detailCommon2 contentId=3534453 확인. 운영시간·주차·입장마감은 공식 응답에 명시되지 않아 추정하지 않음.
3536914,삼산 야영장,LEISURE,UNKNOWN,,,,UNKNOWN,,UNKNOWN,"[""https://www.data.go.kr/data/15101578/openapi.do"",""https://www.instagram.com/samsan_camping""]",2026-08-28T03:38:16.351Z,2026-08-28T03:38:16.351Z,한국관광공사 TourAPI detailIntro2/detailCommon2 contentId=3536914 확인. 운영시간·주차·입장마감은 공식 응답에 명시되지 않아 추정하지 않음.
2704780,샌드파인골프클럽(샌드파인GC),LEISURE,VERIFIED,상시 개방,연중무휴,,NOT_APPLICABLE,,UNKNOWN,"[""https://www.data.go.kr/data/15101578/openapi.do"",""https://www.lakaisandpine.co.kr/""]",2026-08-28T03:38:16.351Z,2026-08-28T03:38:16.351Z,한국관광공사 TourAPI detailIntro2/detailCommon2 contentId=2704780 확인. 주차은 공식 응답에 명시되지 않아 추정하지 않음.
3443739,강릉빵다방,CAFE,VERIFIED,12:00-20:00,매주 월요일,,NOT_APPLICABLE,가게 앞에 주차 공간이 있음.,VERIFIED,"[""https://www.data.go.kr/data/15101578/openapi.do""]",2026-08-28T03:38:16.351Z,2026-08-28T03:38:16.351Z,한국관광공사 TourAPI detailIntro2/detailCommon2 contentId=3443739 확인.
3458062,강문달카페,CAFE,VERIFIED,월~금 10:30 - 20:00 / 토~일 09:30 - 22:00,연중무휴,,NOT_APPLICABLE,,UNKNOWN,"[""https://www.data.go.kr/data/15101578/openapi.do""]",2026-08-28T03:38:16.351Z,2026-08-28T03:38:16.351Z,한국관광공사 TourAPI detailIntro2/detailCommon2 contentId=3458062 확인. 주차은 공식 응답에 명시되지 않아 추정하지 않음.
2837775,곳,CAFE,VERIFIED,09:00~21:00,연중무휴,,NOT_APPLICABLE,가능 요금 (무료),VERIFIED,"[""https://www.data.go.kr/data/15101578/openapi.do""]",2026-08-28T03:38:16.351Z,2026-08-28T03:38:16.351Z,한국관광공사 TourAPI detailIntro2/detailCommon2 contentId=2837775 확인.
2891853,그다이마잇,CAFE,VERIFIED,- 12:00~19:00 - 마지막 주문 18:30,매주 수요일,,NOT_APPLICABLE,불가능,VERIFIED,"[""https://www.data.go.kr/data/15101578/openapi.do"",""https://www.instagram.com/cafe.gdm/""]",2026-08-28T03:38:16.351Z,2026-08-28T03:38:16.351Z,한국관광공사 TourAPI detailIntro2/detailCommon2 contentId=2891853 확인.
2892062,만동제과,CAFE,VERIFIED,11:00~18:00,연중무휴,,NOT_APPLICABLE,불가능,VERIFIED,"[""https://www.data.go.kr/data/15101578/openapi.do"",""https://www.instagram.com/mandong.bread/""]",2026-08-28T03:38:16.351Z,2026-08-28T03:38:16.351Z,한국관광공사 TourAPI detailIntro2/detailCommon2 contentId=2892062 확인.
3359671,서원커피랩,CAFE,VERIFIED,"10:00~21:00, 월 10:00~19:00",매월 5번째 월요일,,NOT_APPLICABLE,,UNKNOWN,"[""https://www.data.go.kr/data/15101578/openapi.do""]",2026-08-28T03:38:16.351Z,2026-08-28T03:38:16.351Z,한국관광공사 TourAPI detailIntro2/detailCommon2 contentId=3359671 확인. 주차은 공식 응답에 명시되지 않아 추정하지 않음.
2773834,소집,CAFE,VERIFIED,12:00~18:00,매주 월요일 / 화요일,,NOT_APPLICABLE,가능,VERIFIED,"[""https://www.data.go.kr/data/15101578/openapi.do"",""https://www.instagram.com/storysozip/""]",2026-08-28T03:38:16.351Z,2026-08-28T03:38:16.351Z,한국관광공사 TourAPI detailIntro2/detailCommon2 contentId=2773834 확인.
2894068,월량화,CAFE,VERIFIED,"월~화, 금~일10:00~19:30 수 10:00~18:00",매주 목요일,,NOT_APPLICABLE,가능,VERIFIED,"[""https://www.data.go.kr/data/15101578/openapi.do"",""https://www.instagram.com/cafe_w.r.hwa/""]",2026-08-28T03:38:16.351Z,2026-08-28T03:38:16.351Z,한국관광공사 TourAPI detailIntro2/detailCommon2 contentId=2894068 확인.
2894303,크림하우스,CAFE,VERIFIED,09:00~18:00 (주문 마감 17:40),연중무휴,,NOT_APPLICABLE,가능,VERIFIED,"[""https://www.data.go.kr/data/15101578/openapi.do"",""https://www.instagram.com/cafe_creamhouse/""]",2026-08-28T03:38:16.351Z,2026-08-28T03:38:16.351Z,한국관광공사 TourAPI detailIntro2/detailCommon2 contentId=2894303 확인.
2844107,툇마루,CAFE,VERIFIED,11:00~19:00 (마지막 주문 18:00),매주 화요일,,NOT_APPLICABLE,가능,VERIFIED,"[""https://www.data.go.kr/data/15101578/openapi.do"",""https://www.instagram.com/cafe_toenmaru/""]",2026-08-28T03:38:16.351Z,2026-08-28T03:38:16.351Z,한국관광공사 TourAPI detailIntro2/detailCommon2 contentId=2844107 확인.
2773828,100년임당방앗간,CAFE,VERIFIED,11:00~19:00,연중무휴,,NOT_APPLICABLE,불가능,VERIFIED,"[""https://www.data.go.kr/data/15101578/openapi.do""]",2026-08-28T03:38:16.351Z,2026-08-28T03:38:16.351Z,한국관광공사 TourAPI detailIntro2/detailCommon2 contentId=2773828 확인.
3535270,강릉 빵명장,CAFE,VERIFIED,10:00~21::30,매달 3번째 화요일,,NOT_APPLICABLE,있음,VERIFIED,"[""https://www.data.go.kr/data/15101578/openapi.do""]",2026-08-28T03:38:16.351Z,2026-08-28T03:38:16.351Z,한국관광공사 TourAPI detailIntro2/detailCommon2 contentId=3535270 확인.
2868839,가람집옹심이,RESTAURANT,VERIFIED,10:30~20:00,매주 화요일,,NOT_APPLICABLE,가능,VERIFIED,"[""https://www.data.go.kr/data/15101578/openapi.do""]",2026-08-28T03:38:16.351Z,2026-08-28T03:38:16.351Z,한국관광공사 TourAPI detailIntro2/detailCommon2 contentId=2868839 확인.
2868869,감자적본부,RESTAURANT,VERIFIED,- 10:00~20:30 - 준비시간 14:30~15:00 - 마지막 주문 19:45,연중무휴,,NOT_APPLICABLE,가능,VERIFIED,"[""https://www.data.go.kr/data/15101578/openapi.do""]",2026-08-28T03:38:16.351Z,2026-08-28T03:38:16.351Z,한국관광공사 TourAPI detailIntro2/detailCommon2 contentId=2868869 확인.
2868904,강릉궁짬뽕,RESTAURANT,VERIFIED,"10:30~20:00 (15:00~16:00 브레이크 타임, 19:45 라스트 오더)",매주 월요일,,NOT_APPLICABLE,가능 요금 (무료),VERIFIED,"[""https://www.data.go.kr/data/15101578/openapi.do"",""https://www.instagram.com/gangneung_gung_jjambbong/""]",2026-08-28T03:38:16.351Z,2026-08-28T03:38:16.351Z,한국관광공사 TourAPI detailIntro2/detailCommon2 contentId=2868904 확인.
2845593,강릉불고기 초당점,RESTAURANT,VERIFIED,10:00~20:30 (라스트 오더 19:30),매주 수요일,,NOT_APPLICABLE,있음(무료),VERIFIED,"[""https://www.data.go.kr/data/15101578/openapi.do""]",2026-08-28T03:38:16.351Z,2026-08-28T03:38:16.351Z,한국관광공사 TourAPI detailIntro2/detailCommon2 contentId=2845593 확인.
2868923,강릉유환식당,RESTAURANT,VERIFIED,"매일 11:00~20:00 (16:00~17:00 브레이크 타임, 19:20 라스트 오더), 브레이크 타임은 탄력적 운영",연중무휴,,NOT_APPLICABLE,가능,VERIFIED,"[""https://www.data.go.kr/data/15101578/openapi.do"",""https://www.instagram.com/yuhwansicdang/""]",2026-08-28T03:38:16.351Z,2026-08-28T03:38:16.351Z,한국관광공사 TourAPI detailIntro2/detailCommon2 contentId=2868923 확인.
2774694,강릉전복해물뚝배기,RESTAURANT,VERIFIED,08:00~21:00 (마지막 주문 20:00),연중무휴,,NOT_APPLICABLE,가능,VERIFIED,"[""https://www.data.go.kr/data/15101578/openapi.do""]",2026-08-28T03:38:16.351Z,2026-08-28T03:38:16.351Z,한국관광공사 TourAPI detailIntro2/detailCommon2 contentId=2774694 확인.
623223,강릉짬뽕순두부 동화가든 본점,RESTAURANT,VERIFIED,- 07:00~19:30 - 준비시간 16:00~17:00 - 마지막 주문 18:55,매주 수요일,,NOT_APPLICABLE,가능 (50대),VERIFIED,"[""https://www.data.go.kr/data/15101578/openapi.do""]",2026-08-28T03:38:16.351Z,2026-08-28T03:38:16.351Z,한국관광공사 TourAPI detailIntro2/detailCommon2 contentId=623223 확인.
2871127,고기랑조개랑,RESTAURANT,VERIFIED,- 11:00~22:00 - 마지막 주문 21:10,연중무휴,,NOT_APPLICABLE,가능,VERIFIED,"[""https://www.data.go.kr/data/15101578/openapi.do""]",2026-08-28T03:38:16.351Z,2026-08-28T03:38:16.351Z,한국관광공사 TourAPI detailIntro2/detailCommon2 contentId=2871127 확인.
2871178,광덕식당,RESTAURANT,VERIFIED,- 07:00~20:00 - 준비시간 15:30~17:00 - 마지막 주문 19:30,매주 화요일,,NOT_APPLICABLE,가능,VERIFIED,"[""https://www.data.go.kr/data/15101578/openapi.do""]",2026-08-28T03:38:16.351Z,2026-08-28T03:38:16.351Z,한국관광공사 TourAPI detailIntro2/detailCommon2 contentId=2871178 확인.
2774300,교동반점,RESTAURANT,VERIFIED,10:00~18:00,매주 월요일,,NOT_APPLICABLE,불가능,VERIFIED,"[""https://www.data.go.kr/data/15101578/openapi.do""]",2026-08-28T03:38:16.351Z,2026-08-28T03:38:16.351Z,한국관광공사 TourAPI detailIntro2/detailCommon2 contentId=2774300 확인.
2871190,금천칼국수,RESTAURANT,VERIFIED,10:30~17:00(라스트 오더 17:00),월요일,,NOT_APPLICABLE,불가능,VERIFIED,"[""https://www.data.go.kr/data/15101578/openapi.do""]",2026-08-28T03:38:16.351Z,2026-08-28T03:38:16.351Z,한국관광공사 TourAPI detailIntro2/detailCommon2 contentId=2871190 확인.
2871214,김우정초당짬뽕순두부,RESTAURANT,VERIFIED,- 08:00~20:00 - 준비시간 15:30~17:00 - 마지막 주문 19:30,연중무휴,,NOT_APPLICABLE,가능,VERIFIED,"[""https://www.data.go.kr/data/15101578/openapi.do"",""https://www.instagram.com/gnkimwj/""]",2026-08-28T03:38:16.351Z,2026-08-28T03:38:16.351Z,한국관광공사 TourAPI detailIntro2/detailCommon2 contentId=2871214 확인.
2871246,까치장칼국수,RESTAURANT,VERIFIED,10:30~17:40 (라스트 오더 17:00),연중무휴,,NOT_APPLICABLE,가능 요금 (무료),VERIFIED,"[""https://www.data.go.kr/data/15101578/openapi.do"",""https://www.instagram.com/supgil_lim""]",2026-08-28T03:38:16.351Z,2026-08-28T03:38:16.351Z,한국관광공사 TourAPI detailIntro2/detailCommon2 contentId=2871246 확인.
2871315,대동면옥,RESTAURANT,VERIFIED,10:30~20:00 (준비 시간 15:00~16:00 / 주문 마감 19:00),연중무휴,,NOT_APPLICABLE,가능,VERIFIED,"[""https://www.data.go.kr/data/15101578/openapi.do""]",2026-08-28T03:38:16.351Z,2026-08-28T03:38:16.351Z,한국관광공사 TourAPI detailIntro2/detailCommon2 contentId=2871315 확인.
2871297,대동면옥 강릉점,RESTAURANT,VERIFIED,"10:30~19:00(브레이크 타임 15:30~16:30, 라스트 오더 19:10)",연중무휴,,NOT_APPLICABLE,있음,VERIFIED,"[""https://www.data.go.kr/data/15101578/openapi.do""]",2026-08-28T03:38:16.351Z,2026-08-28T03:38:16.351Z,한국관광공사 TourAPI detailIntro2/detailCommon2 contentId=2871297 확인.
2868991,동일장칼국수,RESTAURANT,VERIFIED,10:00~20:20 (주문 마감 19:30),매주 목요일,,NOT_APPLICABLE,가능,VERIFIED,"[""https://www.data.go.kr/data/15101578/openapi.do""]",2026-08-28T03:38:16.351Z,2026-08-28T03:38:16.351Z,한국관광공사 TourAPI detailIntro2/detailCommon2 contentId=2868991 확인.
2927601,로지커피,RESTAURANT,VERIFIED,- 월요일~목요일 09:00~21:00 (마지막 주문 20:45) - 금요일~일요일 09:00~22:00 (마지막 주문 21:45),연중무휴,,NOT_APPLICABLE,가능,VERIFIED,"[""https://www.data.go.kr/data/15101578/openapi.do"",""https://www.instagram.com/rosy__coffee/""]",2026-08-28T03:38:16.351Z,2026-08-28T03:38:16.351Z,한국관광공사 TourAPI detailIntro2/detailCommon2 contentId=2927601 확인.
2868746,리틀다이너,RESTAURANT,VERIFIED,"- 11:00~20:00 - 준비시간 15:00~17:00 - 마지막 주문 14:30, 19:30",매주 월요일 / 화요일,,NOT_APPLICABLE,가능,VERIFIED,"[""https://www.data.go.kr/data/15101578/openapi.do"",""https://www.instagram.com/little_diner/?hl=ko""]",2026-08-28T03:38:16.351Z,2026-08-28T03:38:16.351Z,한국관광공사 TourAPI detailIntro2/detailCommon2 contentId=2868746 확인.
2892006,마시와 본점,RESTAURANT,VERIFIED,09:00~19:00,연중무휴,,NOT_APPLICABLE,가능,VERIFIED,"[""https://www.data.go.kr/data/15101578/openapi.do"",""https://masiwa.co.kr/""]",2026-08-28T03:38:16.351Z,2026-08-28T03:38:16.351Z,한국관광공사 TourAPI detailIntro2/detailCommon2 contentId=2892006 확인.
2870121,바다마을횟집,RESTAURANT,VERIFIED,월~목 10:00~23:30 금~일 10:00~23:00,매주 수요일,,NOT_APPLICABLE,가능,VERIFIED,"[""https://www.data.go.kr/data/15101578/openapi.do"",""https://blog.naver.com/badavil""]",2026-08-28T03:38:16.351Z,2026-08-28T03:38:16.351Z,한국관광공사 TourAPI detailIntro2/detailCommon2 contentId=2870121 확인.
2781674,벌집,RESTAURANT,VERIFIED,10:30~18:20 (준비시간 14:40~17:00) ※ 재료 소진 시 조기 영업 종료,매주 화요일,,NOT_APPLICABLE,불가능,VERIFIED,"[""https://www.data.go.kr/data/15101578/openapi.do""]",2026-08-28T03:38:16.351Z,2026-08-28T03:38:16.351Z,한국관광공사 TourAPI detailIntro2/detailCommon2 contentId=2781674 확인.
2662628,보헤미안 박이추커피,RESTAURANT,UNKNOWN,,,,NOT_APPLICABLE,,UNKNOWN,"[""https://www.data.go.kr/data/15101578/openapi.do""]",2026-08-28T03:38:16.351Z,2026-08-28T03:38:16.351Z,한국관광공사 TourAPI detailIntro2/detailCommon2 contentId=2662628 확인. 운영시간·주차은 공식 응답에 명시되지 않아 추정하지 않음.
1756581,강릉 농산물도매시장,SHOPPING,VERIFIED,09:00~18:00,연중무휴,,NOT_APPLICABLE,가능 (약 262대),VERIFIED,"[""https://www.data.go.kr/data/15101578/openapi.do""]",2026-08-28T03:38:16.351Z,2026-08-28T03:38:16.351Z,한국관광공사 TourAPI detailIntro2/detailCommon2 contentId=1756581 확인.
132772,강릉 동부시장,SHOPPING,VERIFIED,06:00~23:00 ※ 점포별 상이함,점포별 상이함,,NOT_APPLICABLE,가능 (약 소형 150대) 요금 (1시간 무료),VERIFIED,"[""https://www.data.go.kr/data/15101578/openapi.do""]",2026-08-28T03:38:16.351Z,2026-08-28T03:38:16.351Z,한국관광공사 TourAPI detailIntro2/detailCommon2 contentId=132772 확인.
2775527,강릉항회센터,SHOPPING,VERIFIED,점포별 상이,점포별 상이,,NOT_APPLICABLE,가능,VERIFIED,"[""https://www.data.go.kr/data/15101578/openapi.do""]",2026-08-28T03:38:16.351Z,2026-08-28T03:38:16.351Z,한국관광공사 TourAPI detailIntro2/detailCommon2 contentId=2775527 확인.
2776856,방파제회센터,SHOPPING,VERIFIED,점포별 상이,점포별 상이,,NOT_APPLICABLE,가능,VERIFIED,"[""https://www.data.go.kr/data/15101578/openapi.do""]",2026-08-28T03:38:16.351Z,2026-08-28T03:38:16.351Z,한국관광공사 TourAPI detailIntro2/detailCommon2 contentId=2776856 확인.
2792910,초려공방,SHOPPING,VERIFIED,09:00~18:00,,,NOT_APPLICABLE,가능,VERIFIED,"[""https://www.data.go.kr/data/15101578/openapi.do""]",2026-08-28T03:38:16.351Z,2026-08-28T03:38:16.351Z,한국관광공사 TourAPI detailIntro2/detailCommon2 contentId=2792910 확인.
3532370,임당동 성당,ATTRACTION,UNKNOWN,,연중무휴,,UNKNOWN,"가능, 장애인 주차장 1대",VERIFIED,"[""https://www.data.go.kr/data/15101578/openapi.do""]",2026-08-28T03:38:16.351Z,2026-08-28T03:38:16.351Z,한국관광공사 TourAPI detailIntro2/detailCommon2 contentId=3532370 확인. 운영시간·입장마감은 공식 응답에 명시되지 않아 추정하지 않음.
